Workbook

Sheet overall_data
A1: country | B1: gdp_per_capita | C1: average_household_size | D1: ewaste_management_collection_rate | E1: ewaste_pop_management_collection_rate | F1: eee_placed_on_market(kg/inh) | G1: ewaste_generated(kg/inh) | H1: ewaste_formally_collected(kg/inh) | I1: generated_ewaste_plastic(kg/inh) | J1: generated_bfrs_from_ewaste(kg/inh)
A2: argentina | B2: 23040 | C2: 3.3 | D2: 0.04 | E2: 0 | F2: 7 | G2: 7.7 | H2: 0.3 | I2: 1.9 | J2: 0.2
A3: bolivia | B3: 9110 | C3: 3.5 | D3: 0.04 | E3: 0 | F3: 7.5 | G3: 4.7 | H3: 0.2 | I3: 1.2 | J3: 0.1
A4: chile | B4: 25154 | C4: 3.6 | D4: 0.05 | E4: 0 | F4: 13.4 | G4: 7.9 | H4: 0.4 | I4: 2.1 | J4: 0.2
A5: costa_rica | B5: 20443 | C5: 3.2 | D5: 0.08 | E5: 0 | F5: 15.4 | G5: 13.2 | H5: 1 | I5: 4.1 | J5: 0.4
A6: ecuador | B6: 11878 | C6: 3.8 | D6: 0.04 | E6: 0 | F6: 7.5 | G6: 5.1 | H6: 0.2 | I6: 1.7 | J6: 0.2
A7: el_salvador | B7: 9164 | C7: 4.1 | D7: 0.01 | E7: 0 | F7: 7.5 | G7: 5 | H7: 0.1 | I7: 1.5 | J7: 0.1
A8: guatemala | B8: 17667 | C8: 4.8 | D8: 0 | E8: 0 | F8: 4.7 | G8: 2.9 | H8: nan | I8: 0.9 | J8: 0.1
A9: honduras | B9: 5981 | C9: 3.9 | D9: 0.01 | E9: 0 | F9: 2.9 | G9: 2.6 | H9: 0.1 | I9: 0.8 | J9: 0.6
A10: nicaragua | B10: 1905.26 | C10: 5 | D10: 0.004 | E10: 0 | F10: 3.2 | G10: 2.5 | H10: 0.01 | I10: 0.8 | J10: 0.1
A11: panama | B11: 32850 | C11: 3.7 | D11: 0.002 | E11: 0 | F11: 15.2 | G11: 8.6 | H11: 0.02 | I11: 2.5 | J11: 0.2
A12: peru | B12: 13416 | C12: 3.8 | D12: 0.015 | E12: 0 | F12: 7.5 | G12: 6 | H12: 0.1 | I12: 1.7 | J12: 0.2
A13: uruguay | B13: 24006 | C13: 2.8 | D13: 0.03 | E13: 0 | F13: 14.8 | G13: 12 | H13: 0.4 | I13: 3.2 | J13: 0.2
A14: venezuela | B14: 17527 | C14: 3.3 | D14: 0.004 | E14: 0 | F14: 9.9 | G14: 9.5 | H14: 0.04 | I14: 2.6 | J14: 0.2

Sheet ewaste_generated_per_year
A1: country | B1: ewaste_generated_(kg/inh)_2009 | C1: ewaste_generated_(kg/inh)_2010 | D1: ewaste_generated_(kg/inh)_2011 | E1: ewaste_generated_(kg/inh)_2012 | F1: ewaste_generated_(kg/inh)_2013 | G1: ewaste_generated_(kg/inh)_2014 | H1: ewaste_generated_(kg/inh)_2015 | I1: ewaste_generated_(kg/inh)_2016 | J1: ewaste_generated_(kg/inh)_2017 | K1: ewaste_generated_(kg/inh)_2018 | L1: ewaste_generated_(kg/inh)_2019
A2: =overall_data!A2 -> argentina | B2: 5.8 | C2: 6 | D2: 6.3 | E2: 6.5 | F2: 6.7 | G2: 6.8 | H2: 6.9 | I2: 7 | J2: 7.1 | K2: 7.2 | L2: 7.2
A3: =overall_data!A3 -> bolivia | B3: 2.4 | C3: 2.5 | D3: 2.7 | E3: 2.9 | F3: 3.1 | G3: 3.4 | H3: 3.6 | I3: 3.9 | J3: 4.2 | K3: 4.2 | L3: 4.7
A4: =overall_data!A4 -> chile | B4: 3.9 | C4: 4.2 | D4: 4.6 | E4: 5.1 | F4: 5.5 | G4: 6 | H4: 6.4 | I4: 6.8 | J4: 7.2 | K4: 7.6 | L4: 7.9
A5: =overall_data!A5 -> costa_rica | B5: 9 | C5: 9.8 | D5: 10.5 | E5: 11.2 | F5: 11.6 | G5: 12 | H5: 12.5 | I5: 12.9 | J5: 12.7 | K5: 12.9 | L5: 13.2
A6: =overall_data!A6 -> ecuador | B6: 2.8 | C6: 3.1 | D6: 3.4 | E6: 3.7 | F6: 4 | G6: 4.2 | H6: 4.4 | I6: 4.5 | J6: 4.7 | K6: 4.9 | L6: 5.1
A7: =overall_data!A7 -> el_salvador | B7: 3.9 | C7: 4.2 | D7: 4.4 | E7: 4.6 | F7: 4.7 | G7: 4.8 | H7: 4.8 | I7: 4.9 | J7: 4.9 | K7: 4.9 | L7: 5
A8: =overall_data!A8 -> guatemala | B8: 1.8 | C8: 1.9 | D8: 2 | E8: 2.1 | F8: 2.2 | G8: 2.4 | H8: 2.5 | I8: 2.6 | J8: 2.7 | K8: 2.8 | L8: 2.9
A9: =overall_data!A9 -> honduras | B9: 1.8 | C9: 1.9 | D9: 2 | E9: 2 | F9: 2.1 | G9: 2.2 | H9: 2.3 | I9: 2.4 | J9: 2.4 | K9: 2.5 | L9: 2.6
A10: =overall_data!A10 -> nicaragua | B10: 1.6 | C10: 1.7 | D10: 1.8 | E10: 1.9 | F10: 2 | G10: 2 | H10: 2.1 | I10: 2.2 | J10: 2.3 | K10: 2.4 | L10: 2.5
A11: =overall_data!A11 -> panama | B11: 5.9 | C11: 6.4 | D11: 6.9 | E11: 7.2 | F11: 7.5 | G11: 7.8 | H11: 7.9 | I11: 3 | J11: 8.4 | K11: 8.5 | L11: 8.6
A12: =overall_data!A12 -> peru | B12: 3.4 | C12: 3.8 | D12: 4.2 | E12: 4.5 | F12: 4.8 | G12: 5 | H12: 5.2 | I12: 5.4 | J12: 5.6 | K12: 5.8 | L12: 6
A13: =overall_data!A13 -> uruguay | B13: 7.5 | C13: 7.9 | D13: 8.3 | E13: 8.7 | F13: 9.2 | G13: 9.6 | H13: 9.9 | I13: 10.2 | J13: 10.6 | K13: 10.9 | L13: 12
A14: =overall_data!A14 -> venezuela | B14: 6.8 | C14: 7.2 | D14: 7.5 | E14: 7.9 | F14: 8.2 | G14: 8.5 | H14: 8.8 | I14: 9.1 | J14: 9.5 | K14: 9.1 | L14: 9.5

Sheet eee_pom_per_year
A1: country | B1: eee_pom_(kg/inh)_2009 | C1: eee_pom_(kg/inh)_2010 | D1: eee_pom_(kg/inh)_2011 | E1: eee_pom_(kg/inh)_2012 | F1: eee_pom_(kg/inh)_2013 | G1: eee_pom_(kg/inh)_2014 | H1: eee_pom_(kg/inh)_2015 | I1: eee_pom_(kg/inh)_2016 | J1: eee_pom_(kg/inh)_2017 | K1: eee_pom_(kg/inh)_2018 | L1: eee_pom_(kg/inh)_2019
A2: =overall_data!A2 -> argentina | B2: 7.6 | C2: 10.3 | D2: 11.1 | E2: 9.8 | F2: 9.5 | G2: 7.6 | H2: 9.9 | I2: 8.9 | J2: 10.2 | K2: 8.6 | L2: 7
A3: =overall_data!A3 -> bolivia | B3: 4.9 | C3: 5.6 | D3: 7.9 | E3: 8 | F3: 8.1 | G3: 8.3 | H3: 7.6 | I3: 8.3 | J3: 9.3 | K3: 8.4 | L3: 7.5
A4: =overall_data!A4 -> chile | B4: 8.1 | C4: 12.8 | D4: 13.3 | E4: 13.9 | F4: 13.9 | G4: 13.7 | H4: 14.4 | I4: 15 | J4: 16.2 | K4: 15.1 | L4: 13.4
A5: =overall_data!A5 -> costa_rica | B5: 11.9 | C5: 13.1 | D5: 15.5 | E5: 15.2 | F5: 14.4 | G5: 16.2 | H5: 16.1 | I5: 16.5 | J5: 13.7 | K5: 15.3 | L5: 15.5
A6: =overall_data!A6 -> ecuador | B6: 5.6 | C6: 7 | D6: 7.1 | E6: 6.8 | F6: 7.1 | G6: 7.2 | H6: 6.4 | I6: 5.5 | J6: 7.6 | K6: 8.1 | L6: 7.5
A7: =overall_data!A7 -> el_salvador | B7: 6.1 | C7: 5 | D7: 5.5 | E7: 5.4 | F7: 5.7 | G7: 5 | H7: 5.8 | I7: 5.9 | J7: 6.8 | K7: 6.8 | L7: 7.5
A8: =overall_data!A8 -> guatemala | B8: 3.6 | C8: 3.6 | D8: 3.7 | E8: 4.1 | F8: 3.8 | G8: 4.2 | H8: 4.7 | I8: 4.2 | J8: 4.4 | K8: 4.4 | L8: 4.7
A9: =overall_data!A9 -> honduras | B9: 3.4 | C9: 3.6 | D9: 3.5 | E9: 3.3 | F9: 3.1 | G9: 3.2 | H9: 3.3 | I9: 2.9 | J9: 3 | K9: 2.9 | L9: 2.7
A10: =overall_data!A10 -> nicaragua | B10: 2.6 | C10: 2.7 | D10: 2.9 | E10: 2.9 | F10: 2.9 | G10: 3 | H10: 3.3 | I10: 3.2 | J10: 3.5 | K10: 3.2 | L10: 3.2
A11: =overall_data!A11 -> panama | B11: 10.3 | C11: 12.8 | D11: 12.4 | E11: 10.8 | F11: 11.1 | G11: 11.4 | H11: 12 | I11: 3.8 | J11: 15.4 | K11: 14.8 | L11: 15.2
A12: =overall_data!A12 -> peru | B12: 6.6 | C12: 7.4 | D12: 8 | E12: 6.9 | F12: 6.5 | G12: 5.9 | H12: 6 | I12: 6.3 | J12: 7.3 | K12: 8.4 | L12: 7.5
A13: =overall_data!A13 -> uruguay | B13: 11.9 | C13: 14.3 | D13: 15.1 | E13: 15 | F13: 15.4 | G13: 16.2 | H13: 14.4 | I13: 14.5 | J13: 22.6 | K13: 13.5 | L13: 14.8
A14: =overall_data!A14 -> venezuela | B14: 13.1 | C14: 13.1 | D14: 13.8 | E14: 14.6 | F14: 13.2 | G14: 11.9 | H14: 10.2 | I14: 10.5 | J14: 9.4 | K14: 9.5 | L14: 9.9

Sheet share_eee_categories
A1: country | B1: temperature_exchange_equipment | C1: screens_and_monitors | D1: lamps | E1: large_equipment | F1: small_equipment | G1: small_it
A2: =overall_data!A2 -> argentina | B2: 0.22 | C2: 0.07 | D2: 0.14 | E2: 0.32 | F2: 0.2 | G2: 0.05
A3: =overall_data!A3 -> bolivia | B3: 0.2 | C3: 0.03 | D3: 0.06 | E3: 0.25 | F3: 0.39 | G3: 0.07
A4: =overall_data!A4 -> chile | B4: 0.34 | C4: 0.09 | D4: 0.01 | E4: 0.23 | F4: 0.29 | G4: 0.05
A5: =overall_data!A5 -> costa_rica | B5: 0.22 | C5: 0.08 | D5: 0.03 | E5: 0.19 | F5: 0.42 | G5: 0.07
A6: =overall_data!A6 -> ecuador | B6: 0.25 | C6: 0.1 | D6: 0.03 | E6: 0.15 | F6: 0.41 | G6: 0.07
A7: =overall_data!A7 -> el_salvador | B7: 0.28 | C7: 0.07 | D7: 0.04 | E7: 0.33 | F7: 0.21 | G7: 0.07
A8: =overall_data!A8 -> guatemala | B8: 0.22 | C8: 0.12 | D8: 0.05 | E8: 0.13 | F8: 0.36 | G8: 0.12
A9: =overall_data!A9 -> honduras | B9: 0.23 | C9: 0.05 | D9: 0.06 | E9: 0.08 | F9: 0.51 | G9: 0.07
A10: =overall_data!A10 -> nicaragua | B10: 0.31 | C10: 0.06 | D10: 0.06 | E10: 0.1 | F10: 0.38 | G10: 0.1
A11: =overall_data!A11 -> panama | B11: 0.24 | C11: 0.06 | D11: 0.01 | E11: 0.38 | F11: 0.25 | G11: 0.06
A12: =overall_data!A12 -> peru | B12: 0.25 | C12: 0.1 | D12: 0.01 | E12: 0.17 | F12: 0.38 | G12: 0.09
A13: =overall_data!A13 -> uruguay | B13: 0.3 | C13: 0.06 | D13: 0.02 | E13: 0.23 | F13: 0.33 | G13: 0.06
A14: =overall_data!A14 -> venezuela | B14: 0.27 | C14: 0.12 | D14: 0.02 | E14: 0.22 | F14: 0.29 | G14: 0.08

Sheet share_categories_ewaste_generat
A1: country | B1: temperature_exchange_equipment | C1: screens_and_monitors | D1: lamps | E1: large_equipment | F1: small_equipment | G1: small_it
A2: =overall_data!A2 -> argentina | B2: 0.22 | C2: 0.14 | D2: 0.03 | E2: 0.28 | F2: 0.26 | G2: 0.08
A3: =overall_data!A3 -> bolivia | B3: 0.15 | C3: 0.06 | D3: 0.08 | E3: 0.22 | F3: 0.39 | G3: 0.11
A4: =overall_data!A4 -> chile | B4: 0.26 | C4: 0.15 | D4: 0.02 | E4: 0.16 | F4: 0.34 | G4: 0.07
A5: =overall_data!A5 -> costa_rica | B5: 0.17 | C5: 0.14 | D5: 0.03 | E5: 0.17 | F5: 0.41 | G5: 0.09
A6: =overall_data!A6 -> ecuador | B6: 0.16 | C6: 0.11 | D6: 0.04 | E6: 0.15 | F6: 0.49 | G6: 0.1
A7: =overall_data!A7 -> el_salvador | B7: 0.24 | C7: 0.15 | D7: 0.06 | E7: 0.13 | F7: 0.31 | G7: 0.1
A8: =overall_data!A8 -> guatemala | B8: 0.17 | C8: 0.14 | D8: 0.07 | E8: 0.12 | F8: 0.37 | G8: 0.14
A9: =overall_data!A9 -> honduras | B9: 0.28 | C9: 0.15 | D9: 0.03 | E9: 0.12 | F9: 0.34 | G9: 0.08
A10: =overall_data!A10 -> nicaragua | B10: 0.26 | C10: 0.13 | D10: 0.03 | E10: 0.09 | F10: 0.38 | G10: 0.11
A11: =overall_data!A11 -> panama | B11: 0.24 | C11: 0.13 | D11: 0.02 | E11: 0.2 | F11: 0.33 | G11: 0.08
A12: =overall_data!A12 -> peru | B12: 0.17 | C12: 0.16 | D12: 0.04 | E12: 0.22 | F12: 0.33 | G12: 0.1
A13: =overall_data!A13 -> uruguay | B13: 0.24 | C13: 0.14 | D13: 0.06 | E13: 0.18 | F13: 0.3 | G13: 0.08
A14: =overall_data!A14 -> venezuela | B14: 0.23 | C14: 0.12 | D14: 0.02 | E14: 0.22 | F14: 0.32 | G14: 0.08
